[
  {
    "sp_match_id": 12656793,
    "videoStreamLink": null,
    "kickoffDateTime": 1747566000,
    "competition": "Kenyan Premier League",
    "homeTeam": "Shabana FC",
    "awayTeam": "Mara Sugar FC",
    "status": "Not started",
    "home_final_scores": "",
    "away_final_scores": "",
    "stadium": "",
    "referee": "",
    "tickets": false,
    "presented_by": "RAPTOR"
  },
  {
    "sp_match_id": 12656809,
    "videoStreamLink": null,
    "kickoffDateTime": 1749902400,
    "competition": "Kenyan Premier League",
    "homeTeam": "Kenya Police",
    "awayTeam": "Shabana FC",
    "status": "Not started",
    "home_final_scores": "",
    "away_final_scores": "",
    "stadium": "",
    "referee": "",
    "tickets": false,
    "presented_by": "RAPTOR"
  },
  {
    "sp_match_id": 12656707,
    "videoStreamLink": null,
    "kickoffDateTime": 1750593600,
    "competition": "Kenyan Premier League",
    "homeTeam": "Shabana FC",
    "awayTeam": "Ulinzi Stars",
    "status": "Not started",
    "home_final_scores": "",
    "away_final_scores": "",
    "stadium": "",
    "referee": "",
    "tickets": false,
    "presented_by": "RAPTOR"
  }
]