[{
  "_id": {
    "$oid": "67e1ec613a6f8b2dae1f5d7e"
  },
  "name": "Maxwell Muchesia",
  "position": "Goalkeeper",
  "kitNumber": "77",
  "dateOfBirth": null,
  "joinDate": "2024",
  "previousClub": "AFC Leopards SC",
  "status": "New Signing",
  "image": "/images/squad/mulili-maxwell.png",
  "createdAt": {
    "$date": "2025-03-24T23:36:01.641Z"
  },
  "updatedAt": {
    "$date": "2025-03-24T23:36:01.641Z"
  },
  "__v": 0
},
{
  "_id": {
    "$oid": "67e1ec613a6f8b2dae1f5d85"
  },
  "name": "Fredrick Otinda",
  "position": "Goalkeeper",
  "kitNumber": "29",
  "dateOfBirth": null,
  "joinDate": null,
  "previousClub": "",
  "status": "Active",
  "image": "/images/squad/fredrick-otinda.png",
  "createdAt": {
    "$date": "2025-03-24T23:36:01.862Z"
  },
  "updatedAt": {
    "$date": "2025-03-24T23:36:01.862Z"
  },
  "__v": 0
},
{
  "_id": {
    "$oid": "67e1ec623a6f8b2dae1f5d88"
  },
  "name": "Nicholas Meja",
  "position": "Defender",
  "kitNumber": "2",
  "dateOfBirth": "1999-03-08",
  "joinDate": "2024",
  "previousClub": "Bandari FC",
  "status": "New Signing",
  "image": "#",
  "createdAt": {
    "$date": "2025-03-24T23:36:02.078Z"
  },
  "updatedAt": {
    "$date": "2025-03-24T23:36:02.078Z"
  },
  "__v": 0
},
{
  "_id": {
    "$oid": "67e1ec623a6f8b2dae1f5d8b"
  },
  "name": "Elvis Ochieng",
  "position": "Defender",
  "kitNumber": "22",
  "dateOfBirth": "1997-07-15",
  "joinDate": "2024",
  "previousClub": "Posta Rangers FC",
  "status": "New Signing",
  "image": "/images/squad/elvis-ochieng.jpg",
  "createdAt": {
    "$date": "2025-03-24T23:36:02.292Z"
  },
  "updatedAt": {
    "$date": "2025-03-24T23:36:02.292Z"
  },
  "__v": 0
},
{
  "_id": {
    "$oid": "67e1ec623a6f8b2dae1f5d8e"
  },
  "name": "Mark Okola",
  "position": "Defender",
  "kitNumber": "15",
  "dateOfBirth": null,
  "joinDate": "2024",
  "previousClub": "",
  "status": "Active",
  "image": "#",
  "createdAt": {
    "$date": "2025-03-24T23:36:02.508Z"
  },
  "updatedAt": {
    "$date": "2025-03-24T23:36:02.508Z"
  },
  "__v": 0
},
{
  "_id": {
    "$oid": "67e1ec623a6f8b2dae1f5d91"
  },
  "name": "George Onyango Dizzo",
  "position": "Defender",
  "kitNumber": "6",
  "dateOfBirth": null,
  "joinDate": null,
  "previousClub": "",
  "status": "Active",
  "image": "/images/squad/dizzo-onya.jpg",
  "createdAt": {
    "$date": "2025-03-24T23:36:02.723Z"
  },
  "updatedAt": {
    "$date": "2025-03-24T23:36:02.723Z"
  },
  "__v": 0
},
{
  "_id": {
    "$oid": "67e1ec623a6f8b2dae1f5d94"
  },
  "name": "Dimpol Onyango",
  "position": "Defender",
  "kitNumber": "3",
  "dateOfBirth": null,
  "joinDate": null,
  "previousClub": "",
  "status": "Active",
  "image": "/images/squad/dimpol.png",
  "createdAt": {
    "$date": "2025-03-24T23:36:02.937Z"
  },
  "updatedAt": {
    "$date": "2025-03-25T00:10:13.578Z"
  },
  "__v": 0
},
{
  "_id": {
    "$oid": "67e1ec633a6f8b2dae1f5d97"
  },
  "name": "Cliff Nyakeya",
  "position": "Midfielder",
  "kitNumber": "10",
  "dateOfBirth": "1995-01-11",
  "joinDate": "2024",
  "previousClub": "",
  "status": "Active",
  "image": "#",
  "createdAt": {
    "$date": "2025-03-24T23:36:03.152Z"
  },
  "updatedAt": {
    "$date": "2025-03-24T23:36:03.152Z"
  },
  "__v": 0
},
{
  "_id": {
    "$oid": "67e1ec633a6f8b2dae1f5d9a"
  },
  "name": "Kevin Omundi",
  "position": "Midfielder",
  "kitNumber": "8",
  "dateOfBirth": null,
  "joinDate": null,
  "previousClub": "",
  "status": "Active",
  "image": "/images/squad/nyabuto.png",
  "createdAt": {
    "$date": "2025-03-24T23:36:03.371Z"
  },
  "updatedAt": {
    "$date": "2025-03-25T00:04:57.915Z"
  },
  "__v": 0
},
{
  "_id": {
    "$oid": "67e1ec633a6f8b2dae1f5d9d"
  },
  "name": "Douglas Mokaya",
  "position": "Midfielder",
  "kitNumber": "",
  "dateOfBirth": null,
  "joinDate": "2025",
  "previousClub": "BIDCO UNITED",
  "status": "New Sigining",
  "image": "#",
  "createdAt": {
    "$date": "2025-03-24T23:36:03.586Z"
  },
  "updatedAt": {
    "$date": "2025-03-24T23:36:03.586Z"
  },
  "__v": 0
},
{
  "_id": {
    "$oid": "67e1ec633a6f8b2dae1f5da0"
  },
  "name": "Derrick Oketch Oloo",
  "position": "Midfielder",
  "kitNumber": "",
  "dateOfBirth": null,
  "joinDate": "2025",
  "previousClub": "EBWALI SECONDARY SCHOOL",
  "status": "New Sigining",
  "image": "/images/squad/OLOO.jpg",
  "createdAt": {
    "$date": "2025-03-24T23:36:03.802Z"
  },
  "updatedAt": {
    "$date": "2025-03-24T23:36:03.802Z"
  },
  "__v": 0
},
{
  "_id": {
    "$oid": "67e1ec643a6f8b2dae1f5da3"
  },
  "name": "Justine Omwando",
  "position": "Midfielder",
  "kitNumber": "16",
  "dateOfBirth": null,
  "joinDate": null,
  "previousClub": "",
  "status": "Active",
  "image": "/images/squad/justine-omwando.jpg",
  "createdAt": {
    "$date": "2025-03-24T23:36:04.018Z"
  },
  "updatedAt": {
    "$date": "2025-03-24T23:36:04.018Z"
  },
  "__v": 0
},
{
  "_id": {
    "$oid": "67e1ec643a6f8b2dae1f5da6"
  },
  "name": "Brian Michira",
  "position": "Midfielder",
  "kitNumber": "14",
  "dateOfBirth": "1996-09-11",
  "joinDate": "2022",
  "previousClub": "Shabana FC",
  "status": "Existing",
  "image": "/images/squad/brian-mich.jpg",
  "createdAt": {
    "$date": "2025-03-24T23:36:04.232Z"
  },
  "updatedAt": {
    "$date": "2025-03-24T23:36:04.232Z"
  },
  "__v": 0
},
{
  "_id": {
    "$oid": "67e1ec643a6f8b2dae1f5da9"
  },
  "name": "Samuel Maiko",
  "position": "Forward",
  "kitNumber": "24",
  "dateOfBirth": "1998-12-25",
  "joinDate": null,
  "previousClub": "",
  "status": "Active",
  "image": "/images/squad/samuel-maiko-kadozjpg.jpg",
  "createdAt": {
    "$date": "2025-03-24T23:36:04.449Z"
  },
  "updatedAt": {
    "$date": "2025-03-24T23:36:04.449Z"
  },
  "__v": 0
},
{
  "_id": {
    "$oid": "67e1ec643a6f8b2dae1f5dac"
  },
  "name": "Darius Msagha",
  "position": "Forward",
  "kitNumber": "33",
  "dateOfBirth": null,
  "joinDate": null,
  "previousClub": "",
  "status": "Active",
  "image": "/images/squad/darius-msagha-white.png",
  "createdAt": {
    "$date": "2025-03-24T23:36:04.665Z"
  },
  "updatedAt": {
    "$date": "2025-03-24T23:36:04.665Z"
  },
  "__v": 0
},
{
  "_id": {
    "$oid": "67e1ec643a6f8b2dae1f5daf"
  },
  "name": "Dennis Okoth",
  "position": "Forward",
  "kitNumber": "11",
  "dateOfBirth": null,
  "joinDate": null,
  "previousClub": "",
  "status": "Active",
  "image": "#",
  "createdAt": {
    "$date": "2025-03-24T23:36:04.881Z"
  },
  "updatedAt": {
    "$date": "2025-03-24T23:36:04.881Z"
  },
  "__v": 0
}]