[
  {
    "id": 1,
    "name": "Austria"
  },
  {
    "id": 2,
    "name": "Belarus"
  },
  {
    "id": 3,
    "name": "Belgium"
  },
  {
    "id": 4,
    "name": "Bulgaria"
  },
  {
    "id": 5,
    "name": "Canada"
  },
  {
    "id": 6,
    "name": "Croatia"
  },
  {
    "id": 7,
    "name": "Czech Republic"
  },
  {
    "id": 8,
    "name": "Denmark"
  },
  {
    "id": 9,
    "name": "England"
  },
  {
    "id": 10,
    "name": "Europe"
  },
  {
    "id": 11,
    "name": "France"
  },
  {
    "id": 12,
    "name": "Georgia"
  },
  {
    "id": 13,
    "name": "Germany"
  },
  {
    "id": 14,
    "name": "Greece"
  },
  {
    "id": 15,
    "name": "Hungary"
  },
  {
    "id": 16,
    "name": "International"
  },
  {
    "id": 17,
    "name": "Italy"
  },
  {
    "id": 18,
    "name": "Kazakhstan"
  },
  {
    "id": 19,
    "name": "Mexico"
  },
  {
    "id": 20,
    "name": "Moldova"
  },
  {
    "id": 21,
    "name": "Netherlands"
  },
  {
    "id": 22,
    "name": "Norway"
  },
  {
    "id": 23,
    "name": "Poland"
  },
  {
    "id": 24,
    "name": "Portugal"
  },
  {
    "id": 25,
    "name": "Romania"
  },
  {
    "id": 26,
    "name": "Russia"
  },
  {
    "id": 27,
    "name": "Scotland"
  },
  {
    "id": 28,
    "name": "Serbia"
  },
  {
    "id": 29,
    "name": "Spain"
  },
  {
    "id": 30,
    "name": "Sweden"
  },
  {
    "id": 31,
    "name": "Switzerland"
  },
  {
    "id": 32,
    "name": "Turkey"
  },
  {
    "id": 33,
    "name": "Ukraine"
  },
  {
    "id": 34,
    "name": "USA"
  },
  {
    "id": 63,
    "name": "Slovakia"
  }
]